kind,deduplicated_path,canonical_path,sha256,original_bytes,action,note
duplicate-handoff-copy,docs/grok-packet/06_SAFE_SOURCE_FILES/isolated-mockup/components.json,artifacts/mockup-sandbox/components.json,aa1b56411ed0e8fc2ac14315f211c7059406e03d68666e1921f640186b8c096f,426,removed,
duplicate-handoff-copy,docs/grok-packet/06_SAFE_SOURCE_FILES/isolated-mockup/index.html,artifacts/mockup-sandbox/index.html,fa4111c44a19ea399d44d7c6486387ffd49d9f21459ac87906ded4dd5c2bcb6c,4325,removed,
duplicate-handoff-copy,docs/grok-packet/06_SAFE_SOURCE_FILES/isolated-mockup/mockupPreviewPlugin.ts,artifacts/mockup-sandbox/mockupPreviewPlugin.ts,4d579d37f3d3d12ec8d8d78571b651c606ed44b07fb04a53aff02bcc75621cfd,4639,removed,
duplicate-handoff-copy,docs/grok-packet/06_SAFE_SOURCE_FILES/isolated-mockup/src/App.tsx,artifacts/mockup-sandbox/src/App.tsx,0e0e60da88a64ef68a930565bb5c5d326896aaa0f9cea62702eef4c02db2462a,3654,removed,
shared-ui-source,artifacts/mockup-sandbox/src/components/ui/accordion.tsx,artifacts/tessera/src/components/ui/accordion.tsx,dcbfb3243a26096fc3e5f54039ccb5c4c23d9bb79a4d5846b4be75bf912f07d9,2001,symlink,
shared-ui-source,artifacts/mockup-sandbox/src/components/ui/alert-dialog.tsx,artifacts/tessera/src/components/ui/alert-dialog.tsx,311bede35f785d7b1ecd7398986757e26409d1049352a94ccf83586b8603c92d,4419,symlink,
shared-ui-source,artifacts/mockup-sandbox/src/components/ui/alert.tsx,artifacts/tessera/src/components/ui/alert.tsx,5950ac01377e7eedc94b00eb3fee678745e4cc1a72b5343867f0733d07db6660,1598,symlink,
shared-ui-source,artifacts/mockup-sandbox/src/components/ui/aspect-ratio.tsx,artifacts/tessera/src/components/ui/aspect-ratio.tsx,08b0aa0b05efc573c7d63363c03e83d4b101bfeb54140764e96ddea30659cfcc,140,symlink,
shared-ui-source,artifacts/mockup-sandbox/src/components/ui/avatar.tsx,artifacts/tessera/src/components/ui/avatar.tsx,e78b35ed76c67d8ff50603fbe0dfa4fe600097bd860d89e65beea3e16683dad8,1419,symlink,
shared-ui-source,artifacts/mockup-sandbox/src/components/ui/breadcrumb.tsx,artifacts/tessera/src/components/ui/breadcrumb.tsx,c3d3dcb0d82fc5e91d8830bac7fead905686fe876f1f42c3ed872bb0a6b6584e,2712,symlink,
shared-ui-source,artifacts/mockup-sandbox/src/components/ui/button-group.tsx,artifacts/tessera/src/components/ui/button-group.tsx,e3716d270e9ef6457b5cd29464ae00194abc8093c08ebf726c9204d7a69231d9,2209,symlink,
shared-ui-source,artifacts/mockup-sandbox/src/components/ui/calendar.tsx,artifacts/tessera/src/components/ui/calendar.tsx,787a19c855cf2b826942d25440b63150c45094154c6a40e95abdb4109298b8b4,7569,symlink,
shared-ui-source,artifacts/mockup-sandbox/src/components/ui/card.tsx,artifacts/tessera/src/components/ui/card.tsx,525c4bb2c051987be64df0e92e1d90174912b219bf541e24ffbc4a3406de49e8,1828,symlink,
shared-ui-source,artifacts/mockup-sandbox/src/components/ui/carousel.tsx,artifacts/tessera/src/components/ui/carousel.tsx,5a4ff73c804e86c873382da80c453f1399006326ef042fb984c24162ec86666e,6210,symlink,
shared-ui-source,artifacts/mockup-sandbox/src/components/ui/checkbox.tsx,artifacts/tessera/src/components/ui/checkbox.tsx,ac389a574651c8bedffc10f80674c5fc2f02ab81291a5f4ad9c587d1f775fdce,1031,symlink,
shared-ui-source,artifacts/mockup-sandbox/src/components/ui/collapsible.tsx,artifacts/tessera/src/components/ui/collapsible.tsx,f4cdd104de29928bfcd40b865c7d08eed9157a537fbb8b5e6d0921f02b63cc04,329,symlink,
shared-ui-source,artifacts/mockup-sandbox/src/components/ui/command.tsx,artifacts/tessera/src/components/ui/command.tsx,5a57ebc119f2357b097098d22865d45de8fda623ee88fe98b99999838c13633b,4887,symlink,
shared-ui-source,artifacts/mockup-sandbox/src/components/ui/context-menu.tsx,artifacts/tessera/src/components/ui/context-menu.tsx,5369fc82c51df067aec2934f5e711aaf9e3f745ed7baadd7ba4b77397dee2a1b,7406,symlink,
shared-ui-source,artifacts/mockup-sandbox/src/components/ui/dialog.tsx,artifacts/tessera/src/components/ui/dialog.tsx,f9c982ed8114c253c6ca738043d3f455e89c6d65569e90c9415776d6b4d6be14,3835,symlink,
shared-ui-source,artifacts/mockup-sandbox/src/components/ui/drawer.tsx,artifacts/tessera/src/components/ui/drawer.tsx,47ff6248307a4ac09bf7e00181a2a29f9f846691092e04cad03e15d749bc249b,3007,symlink,
shared-ui-source,artifacts/mockup-sandbox/src/components/ui/dropdown-menu.tsx,artifacts/tessera/src/components/ui/dropdown-menu.tsx,dc109123ecd59af01d07aa9f3a8e8a7085bd3f337388c5369799ab1ce6c2d45f,7606,symlink,
shared-ui-source,artifacts/mockup-sandbox/src/components/ui/empty.tsx,artifacts/tessera/src/components/ui/empty.tsx,9f975582a0290dbc7ce6efa3b36b376a4c3f07863026c3b74c1e73cb0023acb8,2396,symlink,
shared-ui-source,artifacts/mockup-sandbox/src/components/ui/field.tsx,artifacts/tessera/src/components/ui/field.tsx,e463611ab049c5e9b1c61691d239e05970ead7b577a191b3f80aa6f8ffccada9,6044,symlink,
shared-ui-source,artifacts/mockup-sandbox/src/components/ui/form.tsx,artifacts/tessera/src/components/ui/form.tsx,d50adf86568f76246f0f319c9e1e858627475563f6c1e38f5df7d4ee23958559,4175,symlink,
shared-ui-source,artifacts/mockup-sandbox/src/components/ui/hover-card.tsx,artifacts/tessera/src/components/ui/hover-card.tsx,00f9086b1412843e04e01d31d2fab00a25d65d789d1a382e41f01b1f3c167c3b,1237,symlink,
shared-ui-source,artifacts/mockup-sandbox/src/components/ui/input-otp.tsx,artifacts/tessera/src/components/ui/input-otp.tsx,7c4799e3597f2780c09a39a1391b921fa16eaedd0476457492af734f58e2ec98,2143,symlink,
shared-ui-source,artifacts/mockup-sandbox/src/components/ui/input.tsx,artifacts/tessera/src/components/ui/input.tsx,6299a6a387dc55e528aec4342deaea0b83f1ea3a365c135a31a18ee55334f441,768,symlink,
shared-ui-source,artifacts/mockup-sandbox/src/components/ui/item.tsx,artifacts/tessera/src/components/ui/item.tsx,90983640aa7cfef8217422347d8e14825cf55137c76369decacf440767f03188,4494,symlink,
shared-ui-source,artifacts/mockup-sandbox/src/components/ui/kbd.tsx,artifacts/tessera/src/components/ui/kbd.tsx,0c025e7736d435f563bfb44105e562629672799eb1f35cbf194148d06cd1a9f7,862,symlink,
shared-ui-source,artifacts/mockup-sandbox/src/components/ui/label.tsx,artifacts/tessera/src/components/ui/label.tsx,2eac8fbb04002c42b0fbc4062d20d131e421796eaf65c37d2049e29e42ecbc5a,724,symlink,
shared-ui-source,artifacts/mockup-sandbox/src/components/ui/menubar.tsx,artifacts/tessera/src/components/ui/menubar.tsx,def61eb2c47c9ec319423471f4ca20045e99549958211cacf832e4ede769e484,8608,symlink,
shared-ui-source,artifacts/mockup-sandbox/src/components/ui/navigation-menu.tsx,artifacts/tessera/src/components/ui/navigation-menu.tsx,a06d96a582ac207ffcd38445d773c05e841d646efb185b5e9b65f73e5bd388c7,5124,symlink,
shared-ui-source,artifacts/mockup-sandbox/src/components/ui/pagination.tsx,artifacts/tessera/src/components/ui/pagination.tsx,9506dbd19ddd0c2810d1c9668a3f01606e39d9bf33ddc43329523c03bf629012,2751,symlink,
shared-ui-source,artifacts/mockup-sandbox/src/components/ui/popover.tsx,artifacts/tessera/src/components/ui/popover.tsx,04cf38bf94abd3fe1b51e90227e6e235ca74776f6fc6af718bfc149e7424f582,1342,symlink,
shared-ui-source,artifacts/mockup-sandbox/src/components/ui/progress.tsx,artifacts/tessera/src/components/ui/progress.tsx,6b3b4b69a1cb361076174892e9a96e1a09020307616965ef89f2f7e2495b57a9,792,symlink,
shared-ui-source,artifacts/mockup-sandbox/src/components/ui/radio-group.tsx,artifacts/tessera/src/components/ui/radio-group.tsx,9ba7808b7404cdf2159c81883a39290033bc4308f2978eb80797c92b87421301,1410,symlink,
shared-ui-source,artifacts/mockup-sandbox/src/components/ui/resizable.tsx,artifacts/tessera/src/components/ui/resizable.tsx,70d1e35a5fb0897af7063cdd841d8ed636e1c332ef7ea6469f0f175a5a93dddf,1723,symlink,
shared-ui-source,artifacts/mockup-sandbox/src/components/ui/scroll-area.tsx,artifacts/tessera/src/components/ui/scroll-area.tsx,d7d02600effca55d0dcadce8c09c97ebddda3a19c5fa1d52dc9f6f727b26c6b1,1642,symlink,
shared-ui-source,artifacts/mockup-sandbox/src/components/ui/select.tsx,artifacts/tessera/src/components/ui/select.tsx,3d93ae07a8f3fe121ba60f4439e26bd7859f247eb8bfcafcf4b4a8a069888eec,5745,symlink,
shared-ui-source,artifacts/mockup-sandbox/src/components/ui/separator.tsx,artifacts/tessera/src/components/ui/separator.tsx,c956c4cca4b8442fa9314d6079b9f975e1ee39d5804aaf2966990f6258ac342a,756,symlink,
shared-ui-source,artifacts/mockup-sandbox/src/components/ui/sheet.tsx,artifacts/tessera/src/components/ui/sheet.tsx,363f8e06aa5b53c6475f445117f60fa9294be79e9e4f1f5bf70886800188124e,4280,symlink,
shared-ui-source,artifacts/mockup-sandbox/src/components/ui/skeleton.tsx,artifacts/tessera/src/components/ui/skeleton.tsx,87608e7cc815ad3d88e0b9de6c402bb37b58ea1b38636cf69709da1baff6e334,266,symlink,
shared-ui-source,artifacts/mockup-sandbox/src/components/ui/slider.tsx,artifacts/tessera/src/components/ui/slider.tsx,234e38fef59169bd02d8f5b56ca02e5ec13a0bd6846c328927b924e1299f7fb0,1037,symlink,
shared-ui-source,artifacts/mockup-sandbox/src/components/ui/sonner.tsx,artifacts/tessera/src/components/ui/sonner.tsx,771ab8637d27384c3ed030ba3be01a07b90c791c294eae06646250f8e81bc49e,894,symlink,
shared-ui-source,artifacts/mockup-sandbox/src/components/ui/spinner.tsx,artifacts/tessera/src/components/ui/spinner.tsx,3e6e6e8d37fb4069f8e43e55318f8db06fbc36e6c8be0096da3c9337c1c798b9,331,symlink,
shared-ui-source,artifacts/mockup-sandbox/src/components/ui/switch.tsx,artifacts/tessera/src/components/ui/switch.tsx,ba5867cd3145af1290edd80bb56d4b6d61c6331aa8ef96ae0b85487f4499feaf,1148,symlink,
shared-ui-source,artifacts/mockup-sandbox/src/components/ui/table.tsx,artifacts/tessera/src/components/ui/table.tsx,a4a6972c2d47d465d7f02c1dc4a6cbfeda7a97e46479c1b0cebdaf26bf9b497a,2859,symlink,
shared-ui-source,artifacts/mockup-sandbox/src/components/ui/tabs.tsx,artifacts/tessera/src/components/ui/tabs.tsx,6f74706bc6b53f9e4bcebb5e7ab8743b616aef181edc7758b8ee905f9b2fdcd7,1877,symlink,
shared-ui-source,artifacts/mockup-sandbox/src/components/ui/textarea.tsx,artifacts/tessera/src/components/ui/textarea.tsx,ec7c92aaed80f6923a7caa4bfe4eead395b50a7001504fd7fbb0b9381804dae9,649,symlink,
shared-ui-source,artifacts/mockup-sandbox/src/components/ui/toast.tsx,artifacts/tessera/src/components/ui/toast.tsx,99f9f4a3e897f71d89b01c6772b2f5db51b888cecb2c8214fb2c2dbb2b3e6356,4845,symlink,
shared-ui-source,artifacts/mockup-sandbox/src/components/ui/toaster.tsx,artifacts/tessera/src/components/ui/toaster.tsx,1348f1a1f9820e2f1394b93cecc156a7e22f03636ab9270753985549aae2be74,772,symlink,
shared-ui-source,artifacts/mockup-sandbox/src/components/ui/toggle-group.tsx,artifacts/tessera/src/components/ui/toggle-group.tsx,dba95ead40d163af6959198ded9853a2cc9282b2cb534980f99937a65edf4e2d,1753,symlink,
shared-ui-source,artifacts/mockup-sandbox/src/components/ui/toggle.tsx,artifacts/tessera/src/components/ui/toggle.tsx,955fa1bb97505b7a8bba3f7cff1991035a9afa0e1113f5d598147e6369dbf44b,1486,symlink,
shared-ui-source,artifacts/mockup-sandbox/src/components/ui/tooltip.tsx,artifacts/tessera/src/components/ui/tooltip.tsx,ce6afa34fb9dae51053a863b4c3f7c6e55f3da23b00149f31a8e4402bc963be0,1267,symlink,
shared-ui-source,artifacts/mockup-sandbox/src/hooks/use-mobile.tsx,artifacts/tessera/src/hooks/use-mobile.tsx,ad0936f84f1df79d3697bfbff9c18f8ad58431c1cbaf2359c6a853b0fcc9f28b,565,symlink,
duplicate-handoff-copy,docs/grok-packet/06_SAFE_SOURCE_FILES/isolated-mockup/src/hooks/use-mobile.tsx,artifacts/mockup-sandbox/src/hooks/use-mobile.tsx,ad0936f84f1df79d3697bfbff9c18f8ad58431c1cbaf2359c6a853b0fcc9f28b,565,removed,
duplicate-handoff-copy,docs/grok-packet/06_SAFE_SOURCE_FILES/isolated-mockup/src/hooks/use-toast.ts,artifacts/mockup-sandbox/src/hooks/use-toast.ts,eb23d01c5e502ae1e0772f4303147170811b11f498c7e8f0dc8424c0f3463c94,3767,removed,
shared-ui-source,artifacts/mockup-sandbox/src/lib/utils.ts,artifacts/tessera/src/lib/utils.ts,7c8c3dfc0cdd370d44932828eb067ef771c8fe7996693221d5d4b90af6d54f2d,166,symlink,
duplicate-handoff-copy,docs/grok-packet/06_SAFE_SOURCE_FILES/isolated-mockup/src/lib/utils.ts,artifacts/mockup-sandbox/src/lib/utils.ts,7c8c3dfc0cdd370d44932828eb067ef771c8fe7996693221d5d4b90af6d54f2d,166,removed,
duplicate-handoff-copy,docs/grok-packet/06_SAFE_SOURCE_FILES/isolated-mockup/src/main.tsx,artifacts/mockup-sandbox/src/main.tsx,29946f51942fba11605c7595fd82b50b0d7e50148e0194fd356dacbc958f18ec,157,removed,
store-shared-asset-or-migration,projects/vitality-chems-storefront/migrations/0001_auth.sql,artifacts/vitality-supply/migrations/0001_auth.sql,f953cacc448c0c81ae4fe63e66b0e59569e840782ad279fdee201dff529363e9,2739,symlink,
store-shared-asset-or-migration,projects/vitality-chems-storefront/migrations/auth/0001_auth.sql,artifacts/vitality-supply/migrations/0001_auth.sql,f953cacc448c0c81ae4fe63e66b0e59569e840782ad279fdee201dff529363e9,2739,symlink,
store-shared-asset-or-migration,projects/vitality-chems-storefront/migrations/0002_store.sql,artifacts/vitality-supply/migrations/0002_store.sql,a71c0f4779543d221a22808e0466f70da7add49d74582e8749dbb9209dc190d7,1664,symlink,
store-shared-asset-or-migration,projects/vitality-chems-storefront/migrations/0003_promos.sql,artifacts/vitality-supply/migrations/0003_promos.sql,6480c4d892638da0f0ef580b2cfef7d25214f696254c4a0ac79122ecde1f2c82,1035,symlink,
store-shared-asset-or-migration,projects/vitality-chems-storefront/migrations/0004_credits.sql,artifacts/vitality-supply/migrations/0004_credits.sql,783a86da1dfa9ebdca38b50861b53da1be1956633e53e8c2fb8970f1fa58ad7f,792,symlink,
store-shared-asset-or-migration,projects/vitality-chems-storefront/migrations/0005_optimizer.sql,artifacts/vitality-supply/migrations/0005_optimizer.sql,1f4f8b867c748605b971cb8f3292d24973f7cb3c26aab708ac195b9d6913b6a9,830,symlink,
store-shared-asset-or-migration,projects/vitality-chems-storefront/migrations/0006_affiliate.sql,artifacts/vitality-supply/migrations/0006_affiliate.sql,c9ae449601fd956a1b7698128ca62cec866fc72a358f28b200d7e56f5152ae08,463,symlink,
store-shared-asset-or-migration,projects/vitality-chems-storefront/migrations/0007_wholesale_affiliate.sql,artifacts/vitality-supply/migrations/0007_wholesale_affiliate.sql,8029b430e867f0279eddef7e26b6a5de8dcc4f53240418b3763dc3bcd8f92d79,425,symlink,
store-shared-asset-or-migration,projects/vitality-chems-storefront/public/ads/sema-hero.jpg,artifacts/vitality-supply/public/ads/sema-hero.jpg,767522941b08f3aff84025da11eba71a226b72a2cee803133a695ef5b380463a,79233,symlink,
store-shared-asset-or-migration,projects/vitality-chems-storefront/public/brand/hero-bg.jpg,artifacts/vitality-supply/public/brand/hero-bg.jpg,dc1488166abd40d2e2ca07740228279a686609eb8ef7ff4d78066188d3d28a3b,96279,symlink,
store-shared-asset-or-migration,projects/vitality-chems-storefront/public/brand/logo-64.png,artifacts/vitality-supply/public/brand/logo-64.png,f4c0fb9d14060cd00fdbe78ace3b3e2799889e864bab7bad2582312de190bcb8,12403,symlink,
store-shared-asset-or-migration,projects/vitality-chems-storefront/public/brand/popup-vial.jpg,artifacts/vitality-supply/public/brand/popup-vial.jpg,556745946d2548c8df19584157d06be09021cfd0346d34f6c1944ba5b38886bd,39681,symlink,
store-shared-asset-or-migration,projects/vitality-chems-storefront/public/coa/bpc-157-10mg.jpg,artifacts/vitality-supply/public/coa/bpc-157-10mg.jpg,d387281ca8b4376269e2434ba92567ca62ee93b561529bb056487439ab8d7439,161035,symlink,
store-shared-asset-or-migration,projects/vitality-chems-storefront/public/coa/bpc-tb-blend-10mg-10mg.jpg,artifacts/vitality-supply/public/coa/bpc-tb-blend-10mg-10mg.jpg,8a05e64584b7deb6c2c4ccc62fd05f12bb46840d7d8e24c5dc53ec2d2cacfb33,176502,symlink,
store-shared-asset-or-migration,projects/vitality-chems-storefront/public/coa/ghk-cu-100mg.jpg,artifacts/vitality-supply/public/coa/ghk-cu-100mg.jpg,8328a7dca255a69f4813f4a80c1f2bfb7cd5fb7daba3c88601dcd8ea120c1f30,161271,symlink,
store-shared-asset-or-migration,projects/vitality-chems-storefront/public/coa/retatrutide-10mg.jpg,artifacts/vitality-supply/public/coa/retatrutide-10mg.jpg,a0cd168b1b0eb79e4c0836f7eb97e07d739144a58cd7087daadfc90414e0a887,164759,symlink,
store-shared-asset-or-migration,projects/vitality-chems-storefront/public/coa/retatrutide-20mg.jpg,artifacts/vitality-supply/public/coa/retatrutide-20mg.jpg,85470565cebabe3ca4861dbcf7e3b81137ca408c66e9cc40a9b9f8601fde5ed9,167258,symlink,
store-shared-asset-or-migration,projects/vitality-chems-storefront/public/coa/retatrutide-30mg.jpg,artifacts/vitality-supply/public/coa/retatrutide-30mg.jpg,f8004e3d6ead3c8ebfe6a1bd6ab9162d0ef46d9e9dc5b115bf4a89a1aabbe6cd,161354,symlink,
store-shared-asset-or-migration,projects/vitality-chems-storefront/public/coa/tb-500-10mg.jpg,artifacts/vitality-supply/public/coa/tb-500-10mg.jpg,2486b784f53cad254e1eae495c04b932a890f906f18c37336c3e66f5d99d206a,165326,symlink,
store-shared-asset-or-migration,projects/vitality-chems-storefront/public/coa/tesamorelin-10mg.jpg,artifacts/vitality-supply/public/coa/tesamorelin-10mg.jpg,d3b8cc558fe81b035cb9c1ae0b3cb55314b25aa201613077da6604d82d39044b,169861,symlink,
store-shared-asset-or-migration,projects/vitality-chems-storefront/public/favicon.png,artifacts/vitality-supply/public/favicon.png,7325406c9f3826c5df01fd34781b96169d938945c16a18eb11d5261acc5a4ea0,8957,symlink,
store-shared-asset-or-migration,projects/vitality-chems-storefront/public/favicon.svg,artifacts/vitality-supply/public/favicon.svg,740c4138743b257ec36ea82db612bc28dc83803bd1e76cf73cd7d0c8e127c42d,458,symlink,
store-shared-asset-or-migration,projects/vitality-chems-storefront/public/og/preview-no-box.jpg,artifacts/vitality-supply/public/og/preview-no-box.jpg,a2cbff4c83adfaa666398a28d0b6315563911309d514a269a9df19e0f551545a,68230,symlink,
store-shared-asset-or-migration,projects/vitality-chems-storefront/public/product-images/5-amino-1mq-5mg.webp,artifacts/vitality-supply/public/product-images/5-amino-1mq-5mg.webp,abe3b1764abc1c26f28fc7d101d123b30ce65e390c8ac9a307ec2315a68b0f0a,22906,symlink,
store-shared-asset-or-migration,projects/vitality-chems-storefront/public/product-images/aod-9604-5mg.webp,artifacts/vitality-supply/public/product-images/aod-9604-5mg.webp,7705f037fcd1b0ec132f112ff9ad0cd4b20668346afe7394f269ba689e42ea84,19752,symlink,
store-shared-asset-or-migration,projects/vitality-chems-storefront/public/product-images/ara-290-10mg.webp,artifacts/vitality-supply/public/product-images/ara-290-10mg.webp,3aca29222b39b8bc744e06996df632968a65ce4ef207cbdd102aed5decbee140,22076,symlink,
store-shared-asset-or-migration,projects/vitality-chems-storefront/public/product-images/bpc-157-10mg.webp,artifacts/vitality-supply/public/product-images/bpc-157-10mg.webp,7eae3cc67d57fafdb72afb13c4e8bbeb6ffdbfad4a83849939049b33afdfeaa0,22320,symlink,
store-shared-asset-or-migration,projects/vitality-chems-storefront/public/product-images/bpc-157-5mg.webp,artifacts/vitality-supply/public/product-images/bpc-157-5mg.webp,3ade5390f45c15339e72d190de1bd78fd175c705223500ee9b176b65bad4e081,22054,symlink,
store-shared-asset-or-migration,projects/vitality-chems-storefront/public/product-images/bpc-tb-blend-10mg-10mg.webp,artifacts/vitality-supply/public/product-images/bpc-tb-blend-10mg-10mg.webp,1d17d39ad81e5896a808f795d2f85e1336d3098a9ebf1654c2f2243ba62b4a0e,22404,symlink,
store-shared-asset-or-migration,projects/vitality-chems-storefront/public/product-images/cagrilintide-10mg.webp,artifacts/vitality-supply/public/product-images/cagrilintide-10mg.webp,dfe5f9f3ba3796755df88ebd7c8cb1d0b3e2bd1b0c65e5ad7767f242a9430d01,22612,symlink,
store-shared-asset-or-migration,projects/vitality-chems-storefront/public/product-images/cjc-1295-no-dac-10mg.webp,artifacts/vitality-supply/public/product-images/cjc-1295-no-dac-10mg.webp,fc1dc047b597cecafd4ce55482902b086eacba0204f7e7500d961ea1f08fbf3e,19480,symlink,
store-shared-asset-or-migration,projects/vitality-chems-storefront/public/product-images/cjc-1295-no-dac-5mg.webp,artifacts/vitality-supply/public/product-images/cjc-1295-no-dac-5mg.webp,7edf95b9baa9a8d52e0d06aa87a8be35fc7362aa922210ca23176660440bc507,19042,symlink,
store-shared-asset-or-migration,projects/vitality-chems-storefront/public/product-images/cjc-1295-w-o-dac-ipamorelin-5mg-5mg.webp,artifacts/vitality-supply/public/product-images/cjc-1295-w-o-dac-ipamorelin-5mg-5mg.webp,3acdbf763fe4491b2373fbcf9aac6267469d958081c4b23576953b476ec8fc7b,21722,symlink,
store-shared-asset-or-migration,projects/vitality-chems-storefront/public/product-images/cjc-1295-with-dac-5mg.webp,artifacts/vitality-supply/public/product-images/cjc-1295-with-dac-5mg.webp,c174aa1e28156b3d2e776b857f979b8c1215e30cdf8dc5167c69daf015bf99b2,22558,symlink,
store-shared-asset-or-migration,projects/vitality-chems-storefront/public/product-images/dsip-5mg.webp,artifacts/vitality-supply/public/product-images/dsip-5mg.webp,af8cd4d842ecd07b19906cb5688db743784a7f508121a65f7dfae9a632ca01a6,19860,symlink,
store-shared-asset-or-migration,projects/vitality-chems-storefront/public/product-images/epithalon-10mg.webp,artifacts/vitality-supply/public/product-images/epithalon-10mg.webp,26c6aed5af5474a6e142810952ebded13dca2bb71ba4cf94322441ac63606a2b,22524,symlink,
store-shared-asset-or-migration,projects/vitality-chems-storefront/public/product-images/epithalon-50mg.webp,artifacts/vitality-supply/public/product-images/epithalon-50mg.webp,63b270d0fec59b265bdb3736e7b9f7ec60cd3f0d9f4525195be8c0fcbf91ab52,22524,symlink,
store-shared-asset-or-migration,projects/vitality-chems-storefront/public/product-images/frag-176-191-5mg.webp,artifacts/vitality-supply/public/product-images/frag-176-191-5mg.webp,6fa03233b4edd99eb19006751d783d1794a75d505dfc4f41ae2f4ffc6ac000d1,22490,symlink,
store-shared-asset-or-migration,projects/vitality-chems-storefront/public/product-images/generic-vial.webp,artifacts/vitality-supply/public/product-images/generic-vial.webp,017b29674b11997fa2f4879ff603ddd3f0cccda9ae027d229d5a0b1198bcf230,18226,symlink,
store-shared-asset-or-migration,projects/vitality-chems-storefront/public/product-images/ghk-cu-100mg.webp,artifacts/vitality-supply/public/product-images/ghk-cu-100mg.webp,a9e70c0958827eac7e96b08d0f00371c8269505a8ffe745cdbd88b018f9c1b56,22320,symlink,
store-shared-asset-or-migration,projects/vitality-chems-storefront/public/product-images/ghk-cu-50mg.webp,artifacts/vitality-supply/public/product-images/ghk-cu-50mg.webp,73b15f0366bfe6c2124c90007cea7b658e7a965cb74c298b928ecd82750ea824,19410,symlink,
store-shared-asset-or-migration,projects/vitality-chems-storefront/public/product-images/ghrp-2-10mg.webp,artifacts/vitality-supply/public/product-images/ghrp-2-10mg.webp,2fc6c8cf7995839b671a69384c20b20c53c70d131fd12cb874ecbf01b299c628,22230,symlink,
store-shared-asset-or-migration,projects/vitality-chems-storefront/public/product-images/ghrp-2-5mg.webp,artifacts/vitality-supply/public/product-images/ghrp-2-5mg.webp,98baef56fc77ffa65184eccad6e47b5fde467bdcb7a134af1820475966292f6a,21688,symlink,
store-shared-asset-or-migration,projects/vitality-chems-storefront/public/product-images/ghrp-6-10mg.webp,artifacts/vitality-supply/public/product-images/ghrp-6-10mg.webp,8b59ce36f169176e19d7f65106b6ca40b6f7e0c31570897ce610b3c641ea549a,22432,symlink,
store-shared-asset-or-migration,projects/vitality-chems-storefront/public/product-images/ghrp-6-5mg.webp,artifacts/vitality-supply/public/product-images/ghrp-6-5mg.webp,038c845b193ae46b3a33740b87dfd51c02263e731b87929b1adadb1b53d58d92,22084,symlink,
store-shared-asset-or-migration,projects/vitality-chems-storefront/public/product-images/glow-10-10-50mg.webp,artifacts/vitality-supply/public/product-images/glow-10-10-50mg.webp,9f792512093b324dcb5ba82a790897561340acf0d6c51c02313a4278cf2470fc,22614,symlink,
store-shared-asset-or-migration,projects/vitality-chems-storefront/public/product-images/hcg-5000iu.webp,artifacts/vitality-supply/public/product-images/hcg-5000iu.webp,fbcdd202e85229223c5e6dcb34fe2ada9ee3913b7ebfb72dfbf13204658afebb,22126,symlink,
store-shared-asset-or-migration,projects/vitality-chems-storefront/public/product-images/hexarelin-5mg.webp,artifacts/vitality-supply/public/product-images/hexarelin-5mg.webp,fd848505a3908e53daedbe7129df601ccea5260b6e46f622f7bea591e95be786,19480,symlink,
store-shared-asset-or-migration,projects/vitality-chems-storefront/public/product-images/igf-1-lr3-1mg.webp,artifacts/vitality-supply/public/product-images/igf-1-lr3-1mg.webp,7d2b20d198d3d1018c0dec3a6f0c683843eb1f44783c225618f7ccb0f82ab113,19942,symlink,
store-shared-asset-or-migration,projects/vitality-chems-storefront/public/product-images/ipamorelin-10mg.webp,artifacts/vitality-supply/public/product-images/ipamorelin-10mg.webp,f28585374b02132d894fef3ed732fe83dc22544079986a1e0f830d128edabf76,19852,symlink,
store-shared-asset-or-migration,projects/vitality-chems-storefront/public/product-images/ipamorelin-5mg.webp,artifacts/vitality-supply/public/product-images/ipamorelin-5mg.webp,6f0aee9280ff60cb59311c9a659fda5af908b6b65e6519e65c7d16bb5b5a89be,19554,symlink,
store-shared-asset-or-migration,projects/vitality-chems-storefront/public/product-images/kisspeptin-5mg.webp,artifacts/vitality-supply/public/product-images/kisspeptin-5mg.webp,0d9a8680f5ecd9031f2091453985f7126d84af7c2ef75ca1e365e66670cc41dc,19634,symlink,
store-shared-asset-or-migration,projects/vitality-chems-storefront/public/product-images/klow-80mg.webp,artifacts/vitality-supply/public/product-images/klow-80mg.webp,211ff8345f1fb948e7105d42d8f1869d492b1daaf86e5f1a8101e41c43a7aa9b,22128,symlink,
store-shared-asset-or-migration,projects/vitality-chems-storefront/public/product-images/kpv-10mg.webp,artifacts/vitality-supply/public/product-images/kpv-10mg.webp,8ef0b2aa88cbfd9d89a8e0238d4d380ecafc2ada985fd614f25064db62785688,21784,symlink,
store-shared-asset-or-migration,projects/vitality-chems-storefront/public/product-images/ll-37-5mg.webp,artifacts/vitality-supply/public/product-images/ll-37-5mg.webp,7d8a8188fd9742dd42ac5d74c141f8848a9cb60daca2dcdbe17178cc4c428897,21754,symlink,
duplicate-handoff-copy,docs/grok-packet/06_SAFE_SOURCE_FILES/storefront-static/public/product-images/manifest.json,artifacts/vitality-supply/public/product-images/manifest.json,702ccbe94b644cfab33640aa54b11e950104909647f01b19428aebc1490713e5,59342,removed,
store-shared-asset-or-migration,projects/vitality-chems-storefront/public/product-images/mots-c-10mg.webp,artifacts/vitality-supply/public/product-images/mots-c-10mg.webp,a2c68b8e069a99321782915b533798ff661fd5d169496003449b0f36c64333e8,19930,symlink,
store-shared-asset-or-migration,projects/vitality-chems-storefront/public/product-images/mots-c-40mg.webp,artifacts/vitality-supply/public/product-images/mots-c-40mg.webp,6d6bf191883209e5a90967bb65eb52b06c6fca298daba338135e58eabba96526,22290,symlink,
store-shared-asset-or-migration,projects/vitality-chems-storefront/public/product-images/mt-2-10mg.webp,artifacts/vitality-supply/public/product-images/mt-2-10mg.webp,39cbdd850e5667c80d7bfda13e5b74a8539e5d24a2f2f3efae2f1e80e2f23c82,18668,symlink,
store-shared-asset-or-migration,projects/vitality-chems-storefront/public/product-images/nad-500mg.webp,artifacts/vitality-supply/public/product-images/nad-500mg.webp,bf64e8dd46fd9957402cd3920184c4c50ad3eacec0a804ac20447cb8237b21f9,22012,symlink,
store-shared-asset-or-migration,projects/vitality-chems-storefront/public/product-images/oxytocin-5mg.webp,artifacts/vitality-supply/public/product-images/oxytocin-5mg.webp,3a75e52e7b8876c7dd6eb364b7926f54e800cd0db48895bc7b4b1dd9af50c741,22442,symlink,
store-shared-asset-or-migration,projects/vitality-chems-storefront/public/product-images/pinealon-10mg.webp,artifacts/vitality-supply/public/product-images/pinealon-10mg.webp,627e9f4dbb6ba6e46a0a11d3d1213a6818f3e8396bac9bac22e76a6f41d99dd0,22382,symlink,
store-shared-asset-or-migration,projects/vitality-chems-storefront/public/product-images/pt-141-10mg.webp,artifacts/vitality-supply/public/product-images/pt-141-10mg.webp,3e016071757c6198a59aa16b7d767a472311f06210da1f512d4ecf460ab33fe4,18942,symlink,
store-shared-asset-or-migration,projects/vitality-chems-storefront/public/product-images/retatrutide-10mg.webp,artifacts/vitality-supply/public/product-images/retatrutide-10mg.webp,6a11023d571ef6b15534b4570084595cad277d0b86fc5f6c0092dec42d43b9cb,22240,symlink,
store-shared-asset-or-migration,projects/vitality-chems-storefront/public/product-images/retatrutide-20mg.webp,artifacts/vitality-supply/public/product-images/retatrutide-20mg.webp,27a7b7471a8f855503ff54a0b2a750823d936b162ff55030c793edf091bb8afc,22556,symlink,
store-shared-asset-or-migration,projects/vitality-chems-storefront/public/product-images/retatrutide-30mg.webp,artifacts/vitality-supply/public/product-images/retatrutide-30mg.webp,43849db6842b9591dddf08c774d728ceba2518c0fca6d40dd3cb9ac7cfc7f901,22396,symlink,
store-shared-asset-or-migration,projects/vitality-chems-storefront/public/product-images/selank-10mg.webp,artifacts/vitality-supply/public/product-images/selank-10mg.webp,13725e7175658eabb9c9557ab14c772c9175e5d3943fa0753f5509a97b6d1154,19378,symlink,
store-shared-asset-or-migration,projects/vitality-chems-storefront/public/product-images/selank-5mg.webp,artifacts/vitality-supply/public/product-images/selank-5mg.webp,9f748b6f687011a42a18af9f6f7307ff75a7bfbe49d70ee05311b6ccdcc538f4,22240,symlink,
store-shared-asset-or-migration,projects/vitality-chems-storefront/public/product-images/semaglutide-10mg.webp,artifacts/vitality-supply/public/product-images/semaglutide-10mg.webp,e0df53fe070db094b5bee751fe4db3138dc27d4b5e2ec3bcbe3dd903a9f350b4,20086,symlink,
store-shared-asset-or-migration,projects/vitality-chems-storefront/public/product-images/semaglutide-15mg.webp,artifacts/vitality-supply/public/product-images/semaglutide-15mg.webp,4b8ad010508b30fe12ece383c0ca84293466272e24b7860f79903dca0edfc308,19844,symlink,
store-shared-asset-or-migration,projects/vitality-chems-storefront/public/product-images/semaglutide-20mg.webp,artifacts/vitality-supply/public/product-images/semaglutide-20mg.webp,89bd4cca8b1b0053cc87c5f0236e248a9b9367d0dfea889c819f0bd020582fe4,19872,symlink,
store-shared-asset-or-migration,projects/vitality-chems-storefront/public/product-images/semaglutide-30mg.webp,artifacts/vitality-supply/public/product-images/semaglutide-30mg.webp,2a73132b20696684a8b41422eb7426c078b9a4ffc91901f1b7915370db6abb53,27000,symlink,
store-shared-asset-or-migration,projects/vitality-chems-storefront/public/product-images/semaglutide-5mg.webp,artifacts/vitality-supply/public/product-images/semaglutide-5mg.webp,3554cac98f0004b33a5781b14fa0602e26143fcd37309b4fcd21a6621c54e5e6,22652,symlink,
store-shared-asset-or-migration,projects/vitality-chems-storefront/public/product-images/semax-10mg.webp,artifacts/vitality-supply/public/product-images/semax-10mg.webp,c1ae57b032199124d10ea03c44ef20a5b3b5bf607fdb1a4908fc8e5bca8ffeb1,19232,symlink,
store-shared-asset-or-migration,projects/vitality-chems-storefront/public/product-images/sermorelin-10mg.webp,artifacts/vitality-supply/public/product-images/sermorelin-10mg.webp,3bd2ff1faddc4466a8572b692e59c0c7a90f14f9238c20213781595ae57990df,22778,symlink,
store-shared-asset-or-migration,projects/vitality-chems-storefront/public/product-images/snap-8-10mg.webp,artifacts/vitality-supply/public/product-images/snap-8-10mg.webp,6cbff0637a0988406157701b8a1be922b0fe21f38f7ca510ec21e4cd20756c50,23412,symlink,
store-shared-asset-or-migration,projects/vitality-chems-storefront/public/product-images/ss-31-10mg.webp,artifacts/vitality-supply/public/product-images/ss-31-10mg.webp,0ba4caf3f0b985ae5783436a039f7960a043e37079ecce5b16eced5758c18174,22040,symlink,
store-shared-asset-or-migration,projects/vitality-chems-storefront/public/product-images/ss-31-50mg.webp,artifacts/vitality-supply/public/product-images/ss-31-50mg.webp,3390a9ca5712d16633583cf62a3f134c1866d4db49502ec687baee590f9c3e5d,22066,symlink,
store-shared-asset-or-migration,projects/vitality-chems-storefront/public/product-images/tb-500-10mg.webp,artifacts/vitality-supply/public/product-images/tb-500-10mg.webp,f5adc282db1835bbbdbdd7f7e3c5b4907b40fc4798c860ad04cd9eef1def4953,22290,symlink,
store-shared-asset-or-migration,projects/vitality-chems-storefront/public/product-images/tb-500-5mg.webp,artifacts/vitality-supply/public/product-images/tb-500-5mg.webp,b24699d3197448f73b15e575fcdd3361c03879044441fb6e3f915fc968f5bd23,22066,symlink,
store-shared-asset-or-migration,projects/vitality-chems-storefront/public/product-images/tesamorelin-10mg.webp,artifacts/vitality-supply/public/product-images/tesamorelin-10mg.webp,67ad051e6fb69a5941acbe168aa12da6816c90620f9de7ad4862b150233ea46b,19896,symlink,
store-shared-asset-or-migration,projects/vitality-chems-storefront/public/product-images/tesamorelin-5mg.webp,artifacts/vitality-supply/public/product-images/tesamorelin-5mg.webp,b84a6393f245bb809730c766788ed687a8bb6a7c77c0eeabb602a4818cfd51c1,22704,symlink,
store-shared-asset-or-migration,projects/vitality-chems-storefront/public/product-images/thymalin-10mg.webp,artifacts/vitality-supply/public/product-images/thymalin-10mg.webp,c378ba103a1b3eeb2a4f18ef643249f0494ed4d612ab7aba36d41d32abc48674,22496,symlink,
store-shared-asset-or-migration,projects/vitality-chems-storefront/public/product-images/thymosin-alpha-1-ta1-5mg.webp,artifacts/vitality-supply/public/product-images/thymosin-alpha-1-ta1-5mg.webp,30cc96f0d7c27a14c41d85dc1ef388557d5a9099dd9869bfc949a180bfa58e91,21672,symlink,
store-shared-asset-or-migration,projects/vitality-chems-storefront/public/product-images/tirzepatide-10mg.webp,artifacts/vitality-supply/public/product-images/tirzepatide-10mg.webp,fc12765ae2e5ad19b31c82dff4fa269fd07ffbdfe0ac7cc234206194a2a8a590,22710,symlink,
store-shared-asset-or-migration,projects/vitality-chems-storefront/public/product-images/tirzepatide-15mg.webp,artifacts/vitality-supply/public/product-images/tirzepatide-15mg.webp,4c4db5208146a46f1d61e4e5bde50a37b5b6259bc4281e9dc8490322ff3214b8,22458,symlink,
store-shared-asset-or-migration,projects/vitality-chems-storefront/public/product-images/tirzepatide-20mg.webp,artifacts/vitality-supply/public/product-images/tirzepatide-20mg.webp,19480554f40163843b71dcae2f049ea5a401aecdee1f012ac3bee64cb20340e6,22834,symlink,
store-shared-asset-or-migration,projects/vitality-chems-storefront/public/product-images/tirzepatide-30mg.webp,artifacts/vitality-supply/public/product-images/tirzepatide-30mg.webp,bc11f172d5606bd329f2d0eb5f8370a402858c36efa24401d81486642b069747,22786,symlink,
store-shared-asset-or-migration,projects/vitality-chems-storefront/public/product-images/tirzepatide-60mg.webp,artifacts/vitality-supply/public/product-images/tirzepatide-60mg.webp,16079abcb9b0915502e826667fb15cdfc8e4caa200d272b09a83da4531a9bc11,22574,symlink,
store-shared-asset-or-migration,projects/vitality-chems-storefront/public/product-images/vip-10mg.webp,artifacts/vitality-supply/public/product-images/vip-10mg.webp,6e9245e66748ead341a5a2af6f1eed47a01d357bf4a88d0472c7638c45b5d4f6,21844,symlink,
store-shared-asset-or-migration,projects/vitality-chems-storefront/public/product-images/w400/5-amino-1mq-5mg.webp,artifacts/vitality-supply/public/product-images/w400/5-amino-1mq-5mg.webp,be9192a66f8ae7e2d05c7806aeba617f51c0170e2e14a8f795c06637477fb256,5460,symlink,
store-shared-asset-or-migration,projects/vitality-chems-storefront/public/product-images/w400/aod-9604-5mg.webp,artifacts/vitality-supply/public/product-images/w400/aod-9604-5mg.webp,306ffa21d08cca388d94b5a036e1146a81c19c63be9840f051b468918f989c0c,4894,symlink,
store-shared-asset-or-migration,projects/vitality-chems-storefront/public/product-images/w400/ara-290-10mg.webp,artifacts/vitality-supply/public/product-images/w400/ara-290-10mg.webp,b2b4107ad1ce8d3de29e31736dd05ce0d590eab018bde12e215c1fedbe0cc01b,5640,symlink,
store-shared-asset-or-migration,projects/vitality-chems-storefront/public/product-images/w400/bpc-157-10mg.webp,artifacts/vitality-supply/public/product-images/w400/bpc-157-10mg.webp,fca2bbd3181f1956e68c2f0b0d73bce3ebf78513b76986462b5c8fa4f04578dc,5276,symlink,
store-shared-asset-or-migration,projects/vitality-chems-storefront/public/product-images/w400/bpc-157-5mg.webp,artifacts/vitality-supply/public/product-images/w400/bpc-157-5mg.webp,e84a695e7f3859a51440e090eb50a740f0ada83b83ed891cf83aff53bc4c0c23,5236,symlink,
store-shared-asset-or-migration,projects/vitality-chems-storefront/public/product-images/w400/bpc-tb-blend-10mg-10mg.webp,artifacts/vitality-supply/public/product-images/w400/bpc-tb-blend-10mg-10mg.webp,7e6c61ef6b7d31bc6c0cb478c98a2f661d9ee933b91f811a8bcc7caac4a235c3,5330,symlink,
store-shared-asset-or-migration,projects/vitality-chems-storefront/public/product-images/w400/cagrilintide-10mg.webp,artifacts/vitality-supply/public/product-images/w400/cagrilintide-10mg.webp,4f05b1b0cc7256f238a9be27df786dc2ed333f87f0eb9b9901454dc58f685627,5360,symlink,
store-shared-asset-or-migration,projects/vitality-chems-storefront/public/product-images/w400/cjc-1295-no-dac-10mg.webp,artifacts/vitality-supply/public/product-images/w400/cjc-1295-no-dac-10mg.webp,e17eadeec954443c0973bf44f049ad44960a89d789b0a76707e061a6706501c9,4830,symlink,
store-shared-asset-or-migration,projects/vitality-chems-storefront/public/product-images/w400/cjc-1295-no-dac-5mg.webp,artifacts/vitality-supply/public/product-images/w400/cjc-1295-no-dac-5mg.webp,08827bbf48a3a56f22039d4d03d3f2ebd73f3157a11e0cc157758a0f3b8e5d0e,4762,symlink,
store-shared-asset-or-migration,projects/vitality-chems-storefront/public/product-images/w400/cjc-1295-w-o-dac-ipamorelin-5mg-5mg.webp,artifacts/vitality-supply/public/product-images/w400/cjc-1295-w-o-dac-ipamorelin-5mg-5mg.webp,39623f907f4e331452c3bf03e97696a4e9881dccd2b5001d55f8b05e1c71a7f0,5182,symlink,
store-shared-asset-or-migration,projects/vitality-chems-storefront/public/product-images/w400/cjc-1295-with-dac-5mg.webp,artifacts/vitality-supply/public/product-images/w400/cjc-1295-with-dac-5mg.webp,f05cbdb11ece7796829d783a993987f56a6ea4ce249bda2fb64007c1bd3ec274,5388,symlink,
store-shared-asset-or-migration,projects/vitality-chems-storefront/public/product-images/w400/dsip-5mg.webp,artifacts/vitality-supply/public/product-images/w400/dsip-5mg.webp,793266c30d5df82f906e1042081f84812bce408c0aacb9b9c6e154108c0eab45,5008,symlink,
store-shared-asset-or-migration,projects/vitality-chems-storefront/public/product-images/w400/epithalon-10mg.webp,artifacts/vitality-supply/public/product-images/w400/epithalon-10mg.webp,bc5e0f492935a26e783ad6dd432093869729d05477eb5690bf111992a5dfc484,5358,symlink,
store-shared-asset-or-migration,projects/vitality-chems-storefront/public/product-images/w400/epithalon-50mg.webp,artifacts/vitality-supply/public/product-images/w400/epithalon-50mg.webp,616c8733d2e0588227bc29b526fe95943033c06e0838e83fa64573d0b75ffb80,5386,symlink,
store-shared-asset-or-migration,projects/vitality-chems-storefront/public/product-images/w400/frag-176-191-5mg.webp,artifacts/vitality-supply/public/product-images/w400/frag-176-191-5mg.webp,b90273ad499e2948e118a78e87523e20794a7b59be8f115f6dd3d18451d768d9,5336,symlink,
store-shared-asset-or-migration,projects/vitality-chems-storefront/public/product-images/w400/generic-vial.webp,artifacts/vitality-supply/public/product-images/w400/generic-vial.webp,3ffabe878d8edaa6dfc48e930fed55210538e60ce95b35242019f5810ae76fa8,4488,symlink,
store-shared-asset-or-migration,projects/vitality-chems-storefront/public/product-images/w400/ghk-cu-100mg.webp,artifacts/vitality-supply/public/product-images/w400/ghk-cu-100mg.webp,7227ce2f6ffa80e6d650947f6a67f3de27e9fc6171e16ef66a9e0a9c0c3c2229,5306,symlink,
store-shared-asset-or-migration,projects/vitality-chems-storefront/public/product-images/w400/ghk-cu-50mg.webp,artifacts/vitality-supply/public/product-images/w400/ghk-cu-50mg.webp,5424c04a5b5bd11ddc523dba6c3bc3d5c9a58d884add9d15854f0c47b8125087,4788,symlink,
store-shared-asset-or-migration,projects/vitality-chems-storefront/public/product-images/w400/ghrp-2-10mg.webp,artifacts/vitality-supply/public/product-images/w400/ghrp-2-10mg.webp,a4bcf9f376052ff2e7f12bc40d7db72c57895be45328f1ccde6786308830f799,5248,symlink,
store-shared-asset-or-migration,projects/vitality-chems-storefront/public/product-images/w400/ghrp-2-5mg.webp,artifacts/vitality-supply/public/product-images/w400/ghrp-2-5mg.webp,a9b39a2659c50f9e8e022bde9e88c6cf2d648242d58bd7d23e54ecc4f06257ab,5160,symlink,
store-shared-asset-or-migration,projects/vitality-chems-storefront/public/product-images/w400/ghrp-6-10mg.webp,artifacts/vitality-supply/public/product-images/w400/ghrp-6-10mg.webp,5ee737b7ec7ed4f1c43ec83585f3d34175d34002516ed679c20d3bcff0f6868f,5228,symlink,
store-shared-asset-or-migration,projects/vitality-chems-storefront/public/product-images/w400/ghrp-6-5mg.webp,artifacts/vitality-supply/public/product-images/w400/ghrp-6-5mg.webp,7dd571f9ff1fd487bc33496383758be5ac4d7056ab52c8179ae5ca4ccdc5a124,5262,symlink,
store-shared-asset-or-migration,projects/vitality-chems-storefront/public/product-images/w400/glow-10-10-50mg.webp,artifacts/vitality-supply/public/product-images/w400/glow-10-10-50mg.webp,6c395547c084219cb5216b6c12240ac0512f0c2966972d4b6219ab2a0a617912,5424,symlink,
store-shared-asset-or-migration,projects/vitality-chems-storefront/public/product-images/w400/hcg-5000iu.webp,artifacts/vitality-supply/public/product-images/w400/hcg-5000iu.webp,7c540b71f0d72c794cf0d51b8a6630dd7294cea3faa64ac8773ad284ce778b9c,5340,symlink,
store-shared-asset-or-migration,projects/vitality-chems-storefront/public/product-images/w400/hexarelin-5mg.webp,artifacts/vitality-supply/public/product-images/w400/hexarelin-5mg.webp,019ecfa627d17f4062d065ab0324f2375374296349a93b593fb0089bbf0d696d,4816,symlink,
store-shared-asset-or-migration,projects/vitality-chems-storefront/public/product-images/w400/igf-1-lr3-1mg.webp,artifacts/vitality-supply/public/product-images/w400/igf-1-lr3-1mg.webp,01fd332cf80f8892a5f066808487be437a250e5acc07c7aeedd3805eb75590a4,5032,symlink,
store-shared-asset-or-migration,projects/vitality-chems-storefront/public/product-images/w400/ipamorelin-10mg.webp,artifacts/vitality-supply/public/product-images/w400/ipamorelin-10mg.webp,46ad14e13f540bf453c74d8c94d6755f5778eb6fc40dda5980bea30eb0970df5,4960,symlink,
store-shared-asset-or-migration,projects/vitality-chems-storefront/public/product-images/w400/ipamorelin-5mg.webp,artifacts/vitality-supply/public/product-images/w400/ipamorelin-5mg.webp,b21351b0aa799276b2155ad5b83123df335ce0e1ce72809ed049f8ab0ea2131e,4884,symlink,
store-shared-asset-or-migration,projects/vitality-chems-storefront/public/product-images/w400/kisspeptin-5mg.webp,artifacts/vitality-supply/public/product-images/w400/kisspeptin-5mg.webp,1b33081f4da12de0699ffbb0b9e6e4700df72b7958b8319fa874017e8a163d5e,4926,symlink,
store-shared-asset-or-migration,projects/vitality-chems-storefront/public/product-images/w400/klow-80mg.webp,artifacts/vitality-supply/public/product-images/w400/klow-80mg.webp,ef40f7ee841e857268ea225ced0e6ceac3c4b1a17a54a73c039878fb0633e980,5292,symlink,
store-shared-asset-or-migration,projects/vitality-chems-storefront/public/product-images/w400/kpv-10mg.webp,artifacts/vitality-supply/public/product-images/w400/kpv-10mg.webp,483ad89e5a527d0171046bc3e31fd33ca4b501bfdf1778a7eaed5eda07f5469b,5206,symlink,
store-shared-asset-or-migration,projects/vitality-chems-storefront/public/product-images/w400/ll-37-5mg.webp,artifacts/vitality-supply/public/product-images/w400/ll-37-5mg.webp,2b9de7f7ac65abd268342601f0892a96fece22386a81414b7117526dd62d9e1a,5216,symlink,
store-shared-asset-or-migration,projects/vitality-chems-storefront/public/product-images/w400/mots-c-10mg.webp,artifacts/vitality-supply/public/product-images/w400/mots-c-10mg.webp,36e4e9d4256d97d0133905f037f1933e47543513a7dfa7af6c19c34e2427226d,5010,symlink,
store-shared-asset-or-migration,projects/vitality-chems-storefront/public/product-images/w400/mots-c-40mg.webp,artifacts/vitality-supply/public/product-images/w400/mots-c-40mg.webp,cc1f1d8f136894f55b0aaa67ad51523d6761fdd3ec1d08265ad6ac5fa60aafcd,5322,symlink,
store-shared-asset-or-migration,projects/vitality-chems-storefront/public/product-images/w400/mt-2-10mg.webp,artifacts/vitality-supply/public/product-images/w400/mt-2-10mg.webp,b8403f258a0a402f51423a0afaf5f48ebe6fcf306537ef75634d2387d6103812,4554,symlink,
store-shared-asset-or-migration,projects/vitality-chems-storefront/public/product-images/w400/nad-500mg.webp,artifacts/vitality-supply/public/product-images/w400/nad-500mg.webp,3805d6cf3dd695abc04bd50a63c9be767c1f306556758bb8d5176883747d1059,5228,symlink,
store-shared-asset-or-migration,projects/vitality-chems-storefront/public/product-images/w400/oxytocin-5mg.webp,artifacts/vitality-supply/public/product-images/w400/oxytocin-5mg.webp,c0c22f4f9acd63bb3aa6cb4a71a9f31cdc43c63ca0f62f9632400eec365a9d7d,5332,symlink,
store-shared-asset-or-migration,projects/vitality-chems-storefront/public/product-images/w400/pinealon-10mg.webp,artifacts/vitality-supply/public/product-images/w400/pinealon-10mg.webp,96b852dc4d8cd87b5c530dae76fd20eaad78cca9b6f232e82e3594eb70882ea2,5314,symlink,
store-shared-asset-or-migration,projects/vitality-chems-storefront/public/product-images/w400/pt-141-10mg.webp,artifacts/vitality-supply/public/product-images/w400/pt-141-10mg.webp,4711f1859f22a82f8139d18d865afc9392b199613203058b312639a3daa1a448,4704,symlink,
store-shared-asset-or-migration,projects/vitality-chems-storefront/public/product-images/w400/retatrutide-10mg.webp,artifacts/vitality-supply/public/product-images/w400/retatrutide-10mg.webp,fcad7880610b3aafd091dd294e63af9feb98d2d426b2036b3b16f00d0eb75011,5294,symlink,
store-shared-asset-or-migration,projects/vitality-chems-storefront/public/product-images/w400/retatrutide-20mg.webp,artifacts/vitality-supply/public/product-images/w400/retatrutide-20mg.webp,55840e88d9d84f2b46bf3cff7b1c31eb7dda2b511bc11d4b9f871078a18aa1cc,5298,symlink,
store-shared-asset-or-migration,projects/vitality-chems-storefront/public/product-images/w400/retatrutide-30mg.webp,artifacts/vitality-supply/public/product-images/w400/retatrutide-30mg.webp,4b1835af1560a46f1c94bacca1ebadb32dcca4a72326569a223e14744ec5e9f3,5332,symlink,
store-shared-asset-or-migration,projects/vitality-chems-storefront/public/product-images/w400/selank-10mg.webp,artifacts/vitality-supply/public/product-images/w400/selank-10mg.webp,d605cae715c11db62bf208a2a669d82673f9fc7a5416eeb0c96f7082717864d7,4870,symlink,
store-shared-asset-or-migration,projects/vitality-chems-storefront/public/product-images/w400/selank-5mg.webp,artifacts/vitality-supply/public/product-images/w400/selank-5mg.webp,c58be37c3a0d92671e842c058255302b0a3c8f44775b62b192a4594b18bfb67e,5312,symlink,
store-shared-asset-or-migration,projects/vitality-chems-storefront/public/product-images/w400/semaglutide-10mg.webp,artifacts/vitality-supply/public/product-images/w400/semaglutide-10mg.webp,9f8fb79e25505117fd2587423ae435a62ddbeae486ddbdfbf7b5db3a007c3a19,5032,symlink,
store-shared-asset-or-migration,projects/vitality-chems-storefront/public/product-images/w400/semaglutide-15mg.webp,artifacts/vitality-supply/public/product-images/w400/semaglutide-15mg.webp,050e337ee922dfa05521fef21b000c53dd8ec3641459d1c4c460d1abb3b94720,5006,symlink,
store-shared-asset-or-migration,projects/vitality-chems-storefront/public/product-images/w400/semaglutide-20mg.webp,artifacts/vitality-supply/public/product-images/w400/semaglutide-20mg.webp,999bad6a4e359874b29aad82575cd3edd98cbb5d6829bcdebe43f93d97bd7ec2,5084,symlink,
store-shared-asset-or-migration,projects/vitality-chems-storefront/public/product-images/w400/semaglutide-30mg.webp,artifacts/vitality-supply/public/product-images/w400/semaglutide-30mg.webp,b910a1ff4723dd01e62e53a4917d5548e00c03f43c1e2243d08fbc3e7f7a249f,5914,symlink,
store-shared-asset-or-migration,projects/vitality-chems-storefront/public/product-images/w400/semaglutide-5mg.webp,artifacts/vitality-supply/public/product-images/w400/semaglutide-5mg.webp,944fcf08d1cda9de0b7c4b5565fb761c720d126d9521bce63675ffbd1162f455,5352,symlink,
store-shared-asset-or-migration,projects/vitality-chems-storefront/public/product-images/w400/semax-10mg.webp,artifacts/vitality-supply/public/product-images/w400/semax-10mg.webp,175b2cf4261348a0c14ebb1573a52a412347270ef48ac591a6b1aea0f28755e0,4740,symlink,
store-shared-asset-or-migration,projects/vitality-chems-storefront/public/product-images/w400/sermorelin-10mg.webp,artifacts/vitality-supply/public/product-images/w400/sermorelin-10mg.webp,0f6390590c50f58b28b368c4c4ab80249c420ab1339a52b91ba9b16b836f9ca2,5344,symlink,
store-shared-asset-or-migration,projects/vitality-chems-storefront/public/product-images/w400/snap-8-10mg.webp,artifacts/vitality-supply/public/product-images/w400/snap-8-10mg.webp,a63696da6fa3b4bca181322abfda7f44ff1176efeeaa417032864a6903efc6bf,5912,symlink,
store-shared-asset-or-migration,projects/vitality-chems-storefront/public/product-images/w400/ss-31-10mg.webp,artifacts/vitality-supply/public/product-images/w400/ss-31-10mg.webp,06430ba7567d76a073650be02a63c940662918e31bb247713f8667207c267db8,5224,symlink,
store-shared-asset-or-migration,projects/vitality-chems-storefront/public/product-images/w400/ss-31-50mg.webp,artifacts/vitality-supply/public/product-images/w400/ss-31-50mg.webp,ddf394d2162984d85bfb8cf54c29fb7e021bdf3a02a06ec59411066c7f48e929,5262,symlink,
store-shared-asset-or-migration,projects/vitality-chems-storefront/public/product-images/w400/tb-500-10mg.webp,artifacts/vitality-supply/public/product-images/w400/tb-500-10mg.webp,04dcfe69a17c20b2d6a0834b9e6f850053e8bcdb5a9d305d6c98816ab5789d0b,5340,symlink,
store-shared-asset-or-migration,projects/vitality-chems-storefront/public/product-images/w400/tb-500-5mg.webp,artifacts/vitality-supply/public/product-images/w400/tb-500-5mg.webp,b1e73c2488b0ab98d52e940aa2bbfc5c4050e82b7ab0b9e8c910378387748ee3,5178,symlink,
store-shared-asset-or-migration,projects/vitality-chems-storefront/public/product-images/w400/tesamorelin-10mg.webp,artifacts/vitality-supply/public/product-images/w400/tesamorelin-10mg.webp,ce9f9f22aa135d20a71acf298ebcd6b8d2d8b6a905534dc500e8aa80dfefdb18,4900,symlink,
store-shared-asset-or-migration,projects/vitality-chems-storefront/public/product-images/w400/tesamorelin-5mg.webp,artifacts/vitality-supply/public/product-images/w400/tesamorelin-5mg.webp,ae84f858fd7a24ba9885deabdcc4e7fef3007b94fd4311c0ef195e05698fa4f4,5354,symlink,
store-shared-asset-or-migration,projects/vitality-chems-storefront/public/product-images/w400/thymalin-10mg.webp,artifacts/vitality-supply/public/product-images/w400/thymalin-10mg.webp,ac9d3b5f442d3ab60753a2503c6becb79f6506a54f25ff23556a1851be5fd41e,5352,symlink,
store-shared-asset-or-migration,projects/vitality-chems-storefront/public/product-images/w400/thymosin-alpha-1-ta1-5mg.webp,artifacts/vitality-supply/public/product-images/w400/thymosin-alpha-1-ta1-5mg.webp,5ed4fb5af4ccf6a9e1d0b47667ac2e2bfadbf0fcd0b547afe948322c664e617d,5182,symlink,
store-shared-asset-or-migration,projects/vitality-chems-storefront/public/product-images/w400/tirzepatide-10mg.webp,artifacts/vitality-supply/public/product-images/w400/tirzepatide-10mg.webp,92bb68cd3e02fea6ddbd30c8664c2cbbc8c4185724360f69b4e3a14dd5f271db,5466,symlink,
store-shared-asset-or-migration,projects/vitality-chems-storefront/public/product-images/w400/tirzepatide-15mg.webp,artifacts/vitality-supply/public/product-images/w400/tirzepatide-15mg.webp,ef66f2a782fe08324855943d8648355437d69a52d5128cf8e80438811f1c6133,5416,symlink,
store-shared-asset-or-migration,projects/vitality-chems-storefront/public/product-images/w400/tirzepatide-20mg.webp,artifacts/vitality-supply/public/product-images/w400/tirzepatide-20mg.webp,3747c9b2397292d88c049c4f15a053e1726c2765a93ec882ced94d7394159ca0,5372,symlink,
store-shared-asset-or-migration,projects/vitality-chems-storefront/public/product-images/w400/tirzepatide-30mg.webp,artifacts/vitality-supply/public/product-images/w400/tirzepatide-30mg.webp,0162f9e4222fe26f7ff2d790d4f2718433edee71515d06a5cbe11a07b485f006,5432,symlink,
store-shared-asset-or-migration,projects/vitality-chems-storefront/public/product-images/w400/tirzepatide-60mg.webp,artifacts/vitality-supply/public/product-images/w400/tirzepatide-60mg.webp,762cde22f6eb5b841d79d58976a29c2f69b9ed39a978af1f8764b9ebbc388e0d,5356,symlink,
store-shared-asset-or-migration,projects/vitality-chems-storefront/public/product-images/w400/vip-10mg.webp,artifacts/vitality-supply/public/product-images/w400/vip-10mg.webp,2aa06296b6e88000f650aaf12323bdd4c6d52f720bca78b93f5633e8db273146,5208,symlink,
store-shared-asset-or-migration,projects/vitality-chems-storefront/src/lib/auth/provider.tsx,artifacts/vitality-supply/src/lib/auth/provider.tsx,4cbbc7f8cc1765788ad65455a33f64dcdafc6fe4ed1d13f90ccfa0ba4c13d1f3,593,symlink,
store-shared-asset-or-migration,projects/vitality-chems-storefront/src/lib/auth/sign-in-gate.test.ts,artifacts/vitality-supply/src/lib/auth/sign-in-gate.test.ts,2c352588cb6a8f58faf3aecc1d1f418ae827ddbb6a5eca8e56668ec72cd328d2,854,symlink,
store-shared-asset-or-migration,projects/vitality-chems-storefront/src/lib/auth/sign-in-gate.ts,artifacts/vitality-supply/src/lib/auth/sign-in-gate.ts,d2c65c20ab50ae41657ceecd61ded005fac29315deace9fc4d966cf56300754c,332,symlink,
store-shared-asset-or-migration,projects/vitality-chems-storefront/src/lib/pricing.ts,artifacts/vitality-supply/src/lib/pricing.ts,9c07a706164609a6e566c2949d72ebcec71eaf916e43c214214c88f70205992b,756,symlink,
store-shared-asset-or-migration,projects/vitality-chems-storefront/src/lib/utils.ts,artifacts/vitality-supply/src/lib/utils.ts,69583425bda1b6675f307e2d4e5425e2800bdc65db934c13ae5d3bcbf0612b00,446,symlink,
duplicate-handoff-copy,docs/grok-packet/06_SAFE_SOURCE_FILES/isolated-mockup/README.md,,bc4c66fdea827dec7069108a4e635b4f1c3757875b8e2f9acf50392f7a65b160,0,removed,
duplicate-handoff-copy,docs/grok-packet/06_SAFE_SOURCE_FILES/isolated-mockup/package.json,,4b1279fc2746617e4a19dcd4dc8ca99b1e4888b5f1f1ab5bdc03357851adaa02,0,removed,
duplicate-handoff-copy,docs/grok-packet/06_SAFE_SOURCE_FILES/isolated-mockup/src/index.css,,3935d982402c0101e55b60039685383ade4fd25227d2f4149ba356e6c2932aa3,0,removed,
duplicate-handoff-copy,docs/grok-packet/06_SAFE_SOURCE_FILES/isolated-mockup/tsconfig.json,,bd0a1d0c1afa46c590350664a29d7848f6ccb91cfbd76426c40798437369fbf0,0,removed,
duplicate-handoff-copy,docs/grok-packet/06_SAFE_SOURCE_FILES/isolated-mockup/vite.config.ts,,5d617c165fb81185a13889fdb7baea8e4e41596a6b9aa50a5a4a1de82572db05,0,removed,
intentional-duplicate,.agents/skills/pptx/LICENSE.txt,.agents/skills/pdf/LICENSE.txt,79f6d8f5b427252fa3b1c11ecdbdb6bf610b944f7530b4de78f770f38741cfaa,1467,retained-required,Retained as a standalone skill-local license/attribution file.
intentional-duplicate,.agents/skills/pptx/scripts/office/helpers/__init__.py,.agents/skills/pptx/scripts/__init__.py,e3b0c44298fc1c149afbf4c8996fb92427ae41e4649b934ca495991b7852b855,0,retained-required,Retained as an app/package-local Python package marker.
intentional-duplicate,artifacts/api-server/src/middlewares/.gitkeep,.agents/skills/pptx/scripts/__init__.py,e3b0c44298fc1c149afbf4c8996fb92427ae41e4649b934ca495991b7852b855,0,retained-required,Retained to preserve this app-local empty directory in Git.
intentional-duplicate,projects/vitality-chems-storefront/screenshots/.gitkeep,.agents/skills/pptx/scripts/__init__.py,e3b0c44298fc1c149afbf4c8996fb92427ae41e4649b934ca495991b7852b855,0,retained-required,Retained to preserve this app-local empty directory in Git.
intentional-duplicate,.agents/skills/vercel-react-native-skills/rules/_template.md,.agents/skills/vercel-react-best-practices/rules/_template.md,99df2a3ea088c6c22de2484ddc7e964d0e9923846f44c63380343ecc64455442,631,retained-required,Retained as separate editable templates for independently maintained skills.
intentional-duplicate,projects/vitality-chems-storefront/tsconfig.json,artifacts/vitality-supply/tsconfig.source.json,8abad87a6c62322f1f4fdff02d5f3f764ea10a98c49cfafccdc288a0dced492f,722,retained-required,Retained at the app-local path; moving/linking this config changes Vite TypeScript alias resolution.
intentional-duplicate,projects/vitality-chems-storefront/.grok/skills/generate2dsprite/LICENSE,projects/vitality-chems-storefront/.grok/skills/generate2dmap/LICENSE,d63ddc781bf0d15753fe0ba22c7cd5828dabb7776465ea4d4939558d4909b0fa,1065,retained-required,Retained as a standalone skill-local license/attribution file.
intentional-duplicate,projects/vitality-chems-storefront/.grok/skills/video2dsprite/LICENSE,projects/vitality-chems-storefront/.grok/skills/generate2dmap/LICENSE,d63ddc781bf0d15753fe0ba22c7cd5828dabb7776465ea4d4939558d4909b0fa,1065,retained-required,Retained as a standalone skill-local license/attribution file.
intentional-duplicate,projects/vitality-chems-storefront/.grok/skills/generate2dsprite/SOURCE.md,projects/vitality-chems-storefront/.grok/skills/generate2dmap/SOURCE.md,a3667d46be6cda6ec841c482ca371b9bae081445bc9fb15e08e5ef5e22386d31,303,retained-required,Retained as the independent skill-local source/provenance notice.
intentional-duplicate,projects/vitality-chems-storefront/.grok/skills/video2dsprite/SOURCE.md,projects/vitality-chems-storefront/.grok/skills/generate2dmap/SOURCE.md,a3667d46be6cda6ec841c482ca371b9bae081445bc9fb15e08e5ef5e22386d31,303,retained-required,Retained as the independent skill-local source/provenance notice.
redundant-empty-keepfile,artifacts/api-server/src/lib/.gitkeep,,e3b0c44298fc1c149afbf4c8996fb92427ae41e4649b934ca495991b7852b855,0,removed,Directory already contains active tracked source files; this empty placeholder was unnecessary.
obsolete-dependency-marker,projects/vitality-chems-storefront/.node_modules.lock,,e3b0c44298fc1c149afbf4c8996fb92427ae41e4649b934ca495991b7852b855,0,removed,Superseded by the root pnpm workspace and lockfile.
